Name;BLName;BLID;LDraw;LEGOID;LEGOName;Notes
Brick 2 x 6;Brick 2 x 6;2456;;44237;Brick 2 x 6;
Brick 2 x 8;Brick 2 x 8;3007;;93888;Brick 2 x 8;
Brick, Round 2 x 2; Brick, Round 2 x 2;3941;;6143;Brick, Round 2 x 2;
Brick, Round 2 x 2; Brick, Round 2 x 2;3941;;6116;Brick, Round 2 x 2;
;;x222;;2038;;
;;x107;;2338;;
;;2348b;;2348;;
;;2350b;;2350;;
;;2362b;;2362;;
;;2412b;;2412;;
;;2418b;;2418;;
;;2429c01;;2429;;
;;2490pb09;;2490;;
;;2474;;2497;;
;;2473;;2498;;
;;773;;2532;;
;;x110c01;;2533;;
;;x70;;2543;;
;;2550c01;;2550;;
;;2578a;;2578;;
;;2888;;2588;;
;;x126;;2594;;
;;2634c02;;2634;;
;;2958;;2723;;
;;3857;;2748;;
;;70162;;2815;;
;;2909c03;;2909;;
;;3046a;;3046;;
;;3062b;;3062;;
;;3068b;;3068;;
;;3069b;;3069;;
;;3070b;;3070;;
;;3183c;;3183;;
;;3192;;3190;;
;;3193;;3191;;
;;446;;3192;;
;;445;;3193;;
;;3228c;;3228;;
;;3245b;;3245;;
;;9244;;3326;;
;;3403c01;;3403;;
;;3475b;;3475;;
;;3492c01;;3490;;
;;3614b;;3614;;
;;x103;;3625;;
;;3626b;;3626;;
;;3650b;;3650;;
;;3678b;;3678;;
;;3680c02;;3680;;
;;3709b;;3709;;
;;3731;;3729;;
;;3747a;;3747;;
;;73037;;3750;;
;;973;;3814;;
;;970;;3815;;
;;971;;3816;;
;;972;;3817;;
;;982;;3818;;
;;981;;3819;;
;;983;;3820;;
;;3829c01;;3829;;
;;3839b;;3839;;
;;193b2;;3842;;
;;3852b;;3852;;
;;3942c;;3942;;
;;3943b;;3943;;
;;3962b;;3962;;
;;fabad4;;4003;;
;;4081b;;4081;;
;;4085c;;4085;;
;;4093a;;4093;;
;;4151b;;4151;;
;;4210;;4208;;
;;194;;4210;;
;;4212b;;4212;;
;;4215b;;4215;;
;;x516;;4237;;
;;731c04;;4255;;
;;4285b;;4285;;
;;x93;;4328;;
;;x234;;4337;;
;;x246;;4433;;
;;4460b;;4460;;
;;4489b;;4489;;
;;4491b;;4491;;
;;4493c01pb04;;4492;;
;;x167;;4503;;
;;775;;4506;;
;;4518b;;4518;;
;;4532a;;4532;;
;;4592c02;;4593;;
;;4697b;;4697;;
;;4719c01;;4719;;
;;4738a;;4738;;
;;4739a;;4739;;
;;4773;;4770;;
;;4794b;;4794;;
;;4864b;;4864;;
;;4868b;;4868;;
;;6014b;;6014;;
;;6217;;6047;;
;;476;;6076;;
;;x40;;6088;;
;;x41;;6090;;
;;x104;;6093;;
;;3867;;6098;;
;;3612;;6101;;
;;x42;;6119;;
;;x43;;6122;;
;;2536;;6135;;
;;2582;;6139;;
;;4073;;6141;;
;;6153b;;6153;;
;;4589;;6188;;
;;73590c02a;;6211;;
;;6213pb01;;6213;;
;;6259;;6218;;
;;6228b;;6228;;
;;600;;6234;;
;;601;;6237;;
;;6245px1;;6245;;
;;x8;;6255;;
;;2343;;6269;;
;;6538b;;6538;;
;;3749;;6562;;
;;6567c03;;6567;;
;;6584a;;6584;;
;;3713;;6590;;
;;69c03;;9044;;
;;10039c01;;10040;;
;;10055pb01;;10055;;
;;10056pb01;;10056;;
;;10057pb01;;10057;;
;;10066pb02;;10066;;
;;11010;;10067;;
;;10121pb01;;10128;;
;;10164pb01;;10164;;
;;10166pb01;;10166;;
;;10168pb01;;10168;;
;;n/a 10;;10177;;
;;10178pb01;;10178;;
;;2436b;;10201;;
;;2444;;10247;;
;;10301pb01;;10301;;
;;10302pb01;;10302;;
;;10304pb01;;10304;;
;;10305pb01;;10305;;
;;n/a 8;;10312;;
;;6191;;10314;;
;;10352c01pb01;;10352;;
;;10165c01;;10829;;
;;10908pb01;;10908;;
;;2335;;11055;;
;;11101pb01;;11101;;
;;11110pb01;;11110;;
;;11111pb01;;11111;;
;;11112pb01;;11112;;
;;11113pb01;;11113;;
;;11125c01;;11125;;
;;11129pb02;;11129;;
;;11164pb01;;11164;;
;;11241pb01;;11241;;
;;bb595pb01;;11245;;
;;11254pb01;;11254;;
;;11257pb01;;11257;;
;;11259pb01;;11259;;
;;11262pb01;;11262;;
;;973c59;;11263;;
;;11264pb01;;11264;;
;;11265pb01;;11265;;
;;11302pb01;;11302;;
;;47998;;11399;;
;;11418pb01;;11418;;
;;11420pb01;;11420;;
;;11421pb01;;11421;;
;;11422pb01;;11422;;
;;11423pb01;;11423;;
;;11439pb03;;11439;;
;;11251c01;;11459;;
;;11435pb01;;11467;;
;;11538pb01;;11538;;
;;13040pb01;;11568;;
;;11575pb02;;11575;;
;;11589pb01;;11589;;
;;11591pb01;;11591;;
;;11592pb01;;11592;;
;;11593pb01;;11593;;
;;11594pb01;;11594;;
;;bb583pb01;;11595;;
;;12864pb01;;11602;;
;;13336pb01;;11603;;
;;11620pb01;;11620;;
;;11640pb01;;11640;;
;;11691pb01;;11691;;
;;11777pb01;;11777;;
;;11778pb01;;11778;;
;;12549pb03;;12549;;
;;12550pb01;;12550;;
;;12551pb04;;12551;;
;;12607pb02;;12607;;
;;12609pb01;;12609;;
;;12610pb01;;12610;;
;;12611pb01;;12611;;
;;12612pb01;;12612;;
;;12613pb01;;12613;;
;;12614pb01;;12614;;
;;12615pb01;;12615;;
;;11650c01;;12622;;
;;6059;;12818;;
;;2555;;12825;;
;;bb593pb01;;12886;;
;;12887pb01;;12887;;
;;bb594pb01;;12888;;
;;12891pb01;;12891;;
;;12892pb01;;12892;;
;;12893pb01;;12893;;
;;12894pb01;;12894;;
;;12895pb01;;12895;;
;;12899pb01;;12899;;
;;13194pb01;;13194;;
;;13195pb01;;13195;;
;;13196pb01;;13196;;
;;13197bp01;;13197;;
;;13198pb01;;13198;;
;;n/a 18;;13251;;
;;n/a 19;;13349;;
;;13361pb04;;13361;;
;;13392pb01;;13392;;
;;13393pb01;;13393;;
;;12607pb02;;13498;;
;;bb591;;13543;;
;;bb586;;13564;;
;;bb588pb01;;13571;;
;;13884pb01;;13664;;
;;13744pb01;;13744;;
;;13746pb001;;13746;;
;;13748pb01;;13748;;
;;13753pb01;;13753;;
;;13757pb01;;13757;;
;;13758pb01;;13758;;
;;13761pb01;;13761;;
;;13765pb01;;13765;;
;;13766pb01;;13766;;
;;13767pb01;;13767;;
;;13786pb01;;13786;;
;;13787pb01;;13787;;
;;13788pb01;;13788;;
;;bb609pb01;;13789;;
;;13791pb01;;13791;;
;;13792pb01;;13792;;
;;bb509pb01;;13808;;
;;13809pb01;;13809;;
;;13812pb01;;13812;;
;;13813pb01;;13813;;
;;13946pb01;;13946;;
;;13986pb01;;13986;;
;;14290pb01;;14290;;
;;n/a 20;;14301;;
;;2339;;14395;;
;;14396c01pb01;;14397;;
;;2547;;14518;;
;;52038;;14520;;
;;n/a 23;;14707;;
;;n/a 21;;14733;;
;;n/a 2;;14740;;
;;4150;;14769;;
;;n/a 9;;15038;;
;;n/a 11;;15118;;
;;n/a 4;;15254;;
;;30055;;15332;;
;;3873;;15379;;
;;4080;;15455;;
;;n/a 6;;15456;;
;;15488pb01;;15488;;
;;15490pb01;;15490;;
;;15493pb01;;15493;;
;;2412b;;15561;;
;;15597pb01;;15597;;
;;n/a 22;;15621;;
;;n/a 5;;15712;;
;;n/a 1;;15714;;
;;n/a 7;;15790;;
;;577;;23306;;
;;x111;;23318;;
;;30027b;;30027;;
;;x168;;30038;;
;;x100;;30084;;
;;60791;;30110;;
;;x182;;30120;;
;;x141;;30121;;
;;2446;;30124;;
;;471;;30127;;
;;30138pb01;;30138;;
;;30152c01;;30152;;
;;x169;;30191;;
;;6919;;30210;;
;;x59;;30224;;
;;30225c01;;30225;;
;;892;;30259;;
;;890px1;;30260;;
;;x205pb01;;30287;;
;;x206c01;;30289;;
;;30117;;30320;;
;;105;;30322;;
;;30359b;;30359;;
;;30361c;;30361;;
;;553b;;30367;;
;;x52;;30369;;
;;x164;;30370;;
;;x50px1;;30380;;
;;52;;30385;;
;;30389b;;30389;;
;;bb83;;30408;;
;;40391;;30460;;
;;x161;;30475;;
;;x134;;30480;;
;;30485pb01;;30485;;
;;30488c01;;30488;;
;;3684;;30499;;
;;30516c01;;30516;;
;;x131c;;30527;;
;;x117px1;;30529;;
;;x118;;30530;;
;;x132;;30561;;
;;2739b;;32005;;
;;2825;;32006;;
;;60c01;;32052;;
;;551;;32086;;
;;4265c;;32123;;
;;44;;32126;;
;;111;;32175;;
;;x136;;32294;;
;;x240;;32476;;
;;40344;;32531;;
;;40345;;32532;;
;;sc002;;33025;;
;;icecream;;33120;;
;;x112;;33122;;
;;x12;;33176;;
;;Scalaskipole;;33279;;
;;x219;;40240;;
;;x158;;40384;;
;;40395c01;;40395;;
;;40396c01;;40396;;
;;40380c01;;40397;;
;;71137b;;40620;;
;;30614;;41630;;
;;x346;;41669;;
;;x224;;41751;;
;;42021;;41761;;
;;42022;;41762;;
;;42023;;41763;;
;;x156;;42114;;
;;x789;;42409;;
;;51011;;42611;;
;;x577;;43122;;
;;78c18;;43675;;
;;bb84;;43702;;
;;bb296pb01;;43750;;
;;4201;;43802;;
;;x261;;43894;;
;;x939;;43903;;
;;4204;;44041;;
;;2356;;44042;;
;;44336px4;;44336;;
;;44341px2;;44341;;
;;44342px2;;44342;;
;;44343px3;;44343;;
;;x181;;44360;;
;;59;;44493;;
;;43890c01;;44608;;
;;37;;44658;;
;;45106pb01;;45106;;
;;40382c01;;45165;;
;;46203pb03c01;;46203;;
;;x903px1;;47545;;
;;73436c01;;47899;;
;;48002a;;48002;;
;;48452cx1;;48452;;
;;522;;50231;;
;;54200;;50746;;
;;50859a;;50859;;
;;50944pb01;;50944;;
;;50945;;50951;;
;;bb83pb01;;50995;;
;;x1435;;51000;;
;;53494pb02;;51345;;
;;53389;;51349;;
;;30225;;51595;;
;;51874pb02;;51874;;
;;HornBod;;52258;;
;;x1533;;53450;;
;;53705;;53454;;
;;54274PB01;;53590;;
;;x1813;;53591;;
;;x1819;;53592;;
;;x1818;;53593;;
;;53590PB01;;53594;;
;;x1816;;53595;;
;;53596PB01;;53596;;
;;x1817;;53597;;
;;x1823;;53598;;
;;x1814;;53599;;
;;53983pb01;;53983;;
;;x1681;;53992;;
;;54125pb02;;54125;;
;;54701c03;;54654;;
;;48064c02;;54655;;
;;53787;;54715;;
;;54100c01;;54779;;
;;54872pb01;;54872;;
;;54873pb01;;54873;;
;;54092c01;;54923;;
;;55206c01;;55205;;
;;6246b;;55295;;
;;6246f;;55296;;
;;6246c;;55297;;
;;6246a;;55298;;
;;6246e;;55299;;
;;6246d;;55300;;
;;75c08;;55668;;
;;75c20;;55676;;
;;53793;;55967;;
;;55237c;;56246;;
;;55237f;;56247;;
;;55237l;;56248;;
;;55237e;;56249;;
;;55237k;;56250;;
;;55237b;;56251;;
;;55237j;;56252;;
;;55237i;;56253;;
;;55237g;;56254;;
;;55237a;;56255;;
;;55237h;;56256;;
;;55237d;;56257;;
;;3742;;56750;;
;;57028c01;;57028;;
;;57029c01;;57029;;
;;75c32;;57274;;
;;38;;57467;;
;;70501;;57503;;
;;70501b;;57504;;
;;70501c;;57505;;
;;70501d;;57506;;
;;59577;;57558;;
;;53450;;57564;;
;;x1865px1;;57576;;
;;57578pb01;;57578;;
;;57579pb01;;57579;;
;;57582PB02;;57582;;
;;x1868px1;;57583;;
;;55423;;57999;;
;;58122c01;;58135;;
;;58123c01;;58148;;
;;111b;;58177;;
;;60849;;58367;;
;;x77a;;58558;;
;;x1774cx1;;58842;;
;;58844pb01;;58844;;
;;75c03;;58856;;
;;58120c01;;59143;;
;;58121c01;;59154;;
;;59225c01;;59220;;
;;50108pb01;;59222;;
;;59224pb02;;59224;;
;;59227pb01;;59227;;
;;bb291pb01;;59231;;
;;59233pb01;;59233;;
;;2599;;59275;;
;;57789c01;;59278;;
;;32209;;59426;;
;;6538c;;59443;;
;;3069b;;59489;;
;;4589b;;59900;;
;;4202;;60033;;
;;30104;;60169;;
;;30241;;60475;;
;;trollbodc01;;60671;;
;;60639c01;;60672;;
;;60642c01;;60673;;
;;2335;;60779;;
;;60797c01;;60797;;
;;57895;;60803;;
;;4085b;;60897;;
;;43753;;61183;;
;;61189pb03;;61189;;
;;61195pb01;;61195;;
;;61200pb01;;61200;;
;;75c18;;61356;;
;;61406pb03;;61406;;
;;61100c01;;61521;;
;;bb310pb01;;61856;;
;;x1799px2;;62436;;
;;x1798px2;;62438;;
;;75c22;;62530;;
;;62537pb02;;62537;;
;;62575cx1;;62575;;
;;59218pb01;;62577;;
;;59217pb01;;62578;;
;;62604pb01;;62604;;
;;63359;;62697;;
;;62791c01;;62792;;
;;x216;;62808;;
;;62821b;;62821;;
;;x127c41;;63140;;
;;x127c31;;63142;;
;;61190e;;63585;;
;;61190d;;63586;;
;;73590c01a;;64230;;
;;64415c01;;64415;;
;;64424c01;;64424;;
;;577;;64567;;
;;88492c00;;64572;;
;;64767pb01;;64767;;
;;64452pb01c01;;64778;;
;;64784pb01c01;;64784;;
;;n/a29;;64796;;
;;64803pb01;;64803;;
;;64804pb01;;64804;;
;;64805pb01;;64805;;
;;64806pb01;;64806;;
;;64808pb01;;64808;;
;;x1688c01;;70358;;
;;70496;;70644;;
;;x1687;;70720;;
;;48245;;70973;;
;;x85;;71128;;
;;71137a;;71137;;
;;x190;;71151;;
;;680c01;;71372;;
;;x60;;71591;;
;;x199;;71594;;
;;71182;;71606;;
;;78c09;;71917;;
;;78c14;;71923;;
;;71598;;71966;;
;;78c07;;71985;;
;;78c11;;71986;;
;;78c18;;72039;;
;;72326pb01;;72326;;
;;78c02;;72504;;
;;x45pb03;;72824;;
;;73435c01;;73194;;
;;7026bc01;;73594;;
;;73090b;;73843;;
;;92235;;73914;;
;;95658;;74042;;
;;99455;;74043;;
;;98613;;74261;;
;;2580c01;;74573;;
;;95648;;74665;;
;;53401;;74746;;
;;53400;;74747;;
;;2878c02;;74784;;
;;6035;;74880;;
;;87544;;74968;;
;;6129c01;;75174;;
;;6168c01;;75347;;
;;2859;;75541;;
;;2861;;75542;;
;;bb561pb02;;75902;;
;;30086;;75977;;
;;30185c01;;76029;;
;;30343c01;;76033;;
;;30187b;;76040;;
;;x39c01;;76041;;
;;x682c01;;76247;;
;;75c23;;76254;;
;;n/a 14;;76255;;
;;75c19;;76257;;
;;75c17;;76270;;
;;75c18;;76275;;
;;n/a 13;;76277;;
;;75c10;;76302;;
;;75c09;;76324;;
;;989;;76385;;
;;30457;;76409;;
;;4465body;;76442;;
;;stegbody;;76443;;
;;6087;;76766;;
;;85045c01pb01;;85197;;
;;x71;;85543;;
;;x90;;85546;;
;;85489b;;85557;;
;;85489a;;85558;;
;;64277c01;;85582;;
;;85946pb01;;85946;;
;;85947pb01;;85947;;
;;85948pb01;;85948;;
;;85959px1;;85959;;
;;x1608;;85973;;
;;85979pb01;;85979;;
;;4485b;;86035;;
;;60581;;87543;;
;;87556pb01;;87556;;
;;87557pb01;;87557;;
;;87560pb01;;87560;;
;;87561pb01;;87561;;
;;87564pb01;;87564;;
;;87565pb01;;87565;;
;;87566pb01;;87566;;
;;87567pb01;;87567;;
;;87568pb01l;;87568;;
;;87569pb01;;87569;;
;;87570pb01;;87570;;
;;87571pb01;;87571;;
;;87610pb01;;87610;;
;;87621pb01;;87621;;
;;x48;;87685;;
;;x46;;87686;;
;;x47;;87687;;
;;sc003c;;87688;;
;;sc003d;;87689;;
;;bel003a;;87690;;
;;bel003b;;87691;;
;;4502b;;87692;;
;;4502a;;87693;;
;;4502c;;87694;;
;;6029a;;87695;;
;;6029b;;87696;;
;;92289;;87753;;
;;87756pb01;;87756;;
;;87757pb01;;87757;;
;;87758pb01;;87758;;
;;88701;;87777;;
;;87800pb01;;87800;;
;;87803pb01;;87803;;
;;87806pb01;;87806;;
;;87812pb01;;87812;;
;;87843pb01;;87843;;
;;87996pb01;;87996;;
;;87997pb01;;87997;;
;;87748pb04;;88049;;
;;bb444pb01;;88065;;
;;bb427pb01;;88288;;
;;camel;;88291;;
;;57518;;88323;;
;;57901PB01;;88616;;
;;24689pb01c01;;88618;;
;;52035;;89536;;
;;61053;;89650;;
;;85204;;89669;;
;;85205;;89670;;
;;87562pb01;;89752;;
;;89973pb01;;89973;;
;;89974pb01;;89974;;
;;48183;;90194;;
;;90307pb01;;90388;;
;;90391pb01;;90391;;
;;90370pb01;;90393;;
;;90301;;90508;;
;;61507;;90538;;
;;62409;;90539;;
;;bb467pb01;;90542;;
;;64415c01;;91966;;
;;91968c01;;91968;;
;;92339;;92087;;
;;92340;;92088;;
;;92212pb01;;92212;;
;;92249c00pb01;;92249;;
;;92250c00pb07;;92250;;
;;92251c00pb04;;92251;;
;;92252c00pb01;;92252;;
;;92253c00pb02;;92253;;
;;92254pb01;;92254;;
;;85049pb01;;92284;;
;;bb494c01pb01;;92285;;
;;92289;;92290;;
;;51011;;92409;;
;;4532;;92410;;
;;94925;;92476;;
;;bb493c01pb01;;92547;;
;;92553pb01;;92553;;
;;92586pb01;;92586;;
;;92693c01;;92694;;
;;92710c01;;92709;;
;;92715c01;;92715;;
;;87572;;92741;;
;;92742pb01;;92742;;
;;92743pb01;;92743;;
;;87573pb01;;92744;;
;;93696pb01;;92745;;
;;bb487pb01;;92747;;
;;92750pb01;;92750;;
;;92751pb01;;92751;;
;;92753pb01;;92753;;
;;92754pb01;;92754;;
;;bb532pb01;;92755;;
;;30410;;92756;;
;;bb531pb01;;92759;;
;;92760pb01;;92760;;
;;95747pb02;;92761;;
;;92762pb01;;92762;;
;;6005;;92903;;
;;92943pb01;;92943;;
;;92945pb01;;92945;;
;;93057pb01;;93057;;
;;93064pb01;;93064;;
;;93065pb01;;93065;;
;;93066pb01;;93066;;
;;93539pb01;;93067;;
;;93068pb01;;93068;;
;;93070pb01;;93070;;
;;93071pb01;;93071;;
;;93072pb01;;93072;;
;;93088pb01;;93088;;
;;93089pb01;;93089;;
;;93690pb01;;93090;;
;;95867pb01;;93091;;
;;93094c01;;93094;;
;;4479;;93106;;
;;bb389pb01;;93173;;
;;93218pb02;;93218;;
;;93219pb01;;93219;;
;;bb110pb01;;93220;;
;;93221pb01;;93221;;
;;93566c01pb01;;93224;;
;;93228pb01;;93228;;
;;93230pb01;;93230;;
;;93248pb01;;93248;;
;;93249pb01;;93249;;
;;93250pb01;;93250;;
;;93549pb01;;93549;;
;;93551pb01;;93551;;
;;bb506pb01;;93552;;
;;93556pb01;;93556;;
;;93557pb01;;93557;;
;;93666;;93558;;
;;93564pb01;;93564;;
;;93565pb01;;93565;;
;;93568pb01;;93568;;
;;93598pb01;;93598;;
;;3022;;94148;;
;;92355d;;94717;;
;;92355e;;94718;;
;;92355g;;94719;;
;;92355i;;94720;;
;;92355h;;94721;;
;;92355f;;94722;;
;;92355a;;94723;;
;;92355b;;94724;;
;;92355c;;94725;;
;;93496;;94984;;
;;94158d;;95049;;
;;94158e;;95050;;
;;94158b;;95051;;
;;94158f;;95052;;
;;94158c;;95053;;
;;94158a;;95054;;
;;44822;;95120;;
;;95201pb01;;95201;;
;;95202pb01;;95202;;
;;95203pb01;;95203;;
;;95204pb01;;95204;;
;;95319pb01;;95319;;
;;973pb929c01;;95321;;
;;95322pb01;;95322;;
;;95323pb01;;95323;;
;;95327pb01;;95327;;
;;95328pb01;;95328;;
;;95330pb01;;95330;;
;;96089pb01;;95341;;
;;bb518pb01;;95342;;
;;bb514c01;;95350;;
;;95351pb01;;95351;;
;;95352pb01;;95352;;
;;95646c01;;95646;;
;;95678pb01;;95678;;
;;95099;;95749;;
;;30237b;;95820;;
;;93081b;;95827;;
;;93081a;;95828;;
;;93081c;;95829;;
;;93081d;;95831;;
;;93081e;;95832;;
;;30381;;96232;;
;;93080j;;96479;;
;;93080a;;96480;;
;;93080i;;96481;;
;;93080d;;96482;;
;;93080g;;96483;;
;;93080c;;96484;;
;;93080e;;96485;;
;;93080k;;96486;;
;;93080h;;96487;;
;;93080b;;96488;;
;;93080f;;96489;;
;;93080l;;96490;;
;;93080m;;96491;;
;;2614;;96858;;
;;4530;;96859;;
;;bb521a;;96904;;
;;bb521b;;96905;;
;;bb521c;;96906;;
;;bb521d;;96907;;
;;99563;;96910;;
;;30144;;97492;;
;;97302;;97690;;
;;93082i;;97781;;
;;93082h;;97782;;
;;93082f;;97783;;
;;93082g;;97784;;
;;93082c;;97785;;
;;93082e;;97787;;
;;93082a;;97790;;
;;93082b;;97791;;
;;93082d;;97793;;
;;61482;;97927;;
;;30381;;98011;;
;;98086pb02;;98086;;
;;98088pb01;;98088;;
;;98089pb01;;98089;;
;;98166pb01;;98090;;
;;98099pb01;;98099;;
;;98101pb01;;98101;;
;;n/a 4;;98116;;
;;98177pb01;;98117;;
;;98118pb01;;98118;;
;;98119pb01;;98119;;
;;98120pb01;;98120;;
;;98143pb01;;98143;;
;;98145pb01;;98145;;
;;98146pb01;;98146;;
;;98147pb01;;98147;;
;;98148pb01;;98148;;
;;98150pb02;;98150;;
;;98151pb01;;98151;;
;;98153pb01;;98153;;
;;DATRex2;;98160;;
;;DARaptor3;;98165;;
;;bb538c01pb01;;98290;;
;;3475b;;98302;;
;;98343pb01;;98343;;
;;98344pb01;;98344;;
;;98345pb01;;98345;;
;;98365pb01;;98365;;
;;98367pb01;;98367;;
;;bb552pb01;;98372;;
;;bb546pb01;;98373;;
;;bb545pb01;;98379;;
;;98382pb01;;98382;;
;;bb553pb01;;98384;;
;;98937pb01;;98386;;
;;98942pb01;;98387;;
;;98940pb02;;98388;;
;;98944pb02;;98389;;
;;98568pb02;;98568;;
;;98570pb01;;98570;;
;;n/a 3;;98572;;
;;98530;;98580;;
;;98588pb01;;98588;;
;;bb540c01pb01;;98608;;
;;bb539c01;;98653;;
;;42988pb01;;98723;;
;;98725pb01;;98725;;
;;99013pb01;;99013;;
;;59;;99232;;
;;99239pb01;;99239;;
;;99243pb01;;99243;;
;;99244pb01;;99244;;
;;99245pb01;;99245;;
;;99246pb01;;99246;;
;;99248pb01;;99248;;
;;99250pb01;;99250;;
;;99252pb01;;99252;;
;;98140pb01;;99778;;
;;98154pb01;;99818;;
;;bb521d;;99832;;
;;bb607;;99948;;
;;n/a 12;;600815;;
;;73617pb01;;600880;;
;;bb579;;601607;;
;;11402h;;604547;;
;;11402c;;604548;;
;;11402b;;604549;;
;;11402a;;604550;;
;;11402g;;604551;;
;;11402i;;604552;;
;;11402d;;604553;;
;;11402f;;604614;;
;;11402e;;604615;;
